c_personid,c_sequence,c_event_record_id,c_event_code,c_role,c_year,c_nh_code,c_nh_year,c_yr_range,c_intercalary,c_month,c_day,c_day_ganzhi,c_addr_id,c_source,c_pages,c_event,c_notes,tts_sysno,c_created_by,c_created_date,c_modified_by,c_modified_date
518,0,,,,0,0,0,,0,,,,,7596,,"張邦昌篡位","張邦昌僣位，以宗權刑部侍郎。高宗中興，坐逆黨罷歸。",1,TTS,20070312,,
1373,0,,,,0,0,0,,0,,,,,7596,,"岳飛宣撫荊湖，過卨，不以禮，卨憾之。入觀，希秦檜意，譖飛，構陷成獄，飛父子與張憲俱死，天下冤之。",,2,TTS,20070312,,
1428,0,,,,0,0,0,,0,,,,,7596,,"平川蜀（王小波、李順）有功，累官至西川招討使。",,3,TTS,20070312,,
1431,0,,,,0,0,0,,0,,,,,7596,,"劉豫叛降金，遣人說悟，悟斬其使。及城陷，悟行至唐州，被害。",,4,TTS,20070312,,
1488,0,,,,0,0,0,,0,,,,,7596,,"英宗時，與議濮王典禮，力持正論。哲宗初，廢除新法。",,5,TTS,20070312,FCF,20080311
1616,0,,,,0,0,0,,0,,,,,7596,,"紹興四年以斬南安賊劉洞天功，改監察御史。",,6,TTS,20070312,,
1617,0,,,,0,0,0,,0,,,,,7596,,"保州之役，況阬殺降卒數百人，朝廷壯其決。",,7,TTS,20070312,,
1635,0,,,,0,0,0,,0,,,,,7596,,"築室號藏春塢，日游息其中。",,8,TTS,20070312,,
1762,0,,,,0,0,0,,0,,,,,7596,,"熙寧變法",,9,TTS,20070312,,
1768,0,,,,1008,515,1,1,0,,,,,7596,,"東封西祀",,10,TTS,20070312,,
1779,0,,,,1004,514,4,,0,,,,,7596,,"宋遼澶淵之盟：契丹南侵，繼忠力禦之，以援師畏縮，遂陷於契丹。其後南北戢兵，繼忠有力焉。",,11,TTS,20070312,,
1875,0,,,,1127,539,2,,0,,,,,7596,,"張邦昌立，時雍集百官置狀，范瓊以兵威劫之。高宗立，貶時雍安置遠州。",,12,TTS,20070312,,
42035,,,,,,,,,0,,,,,,,"宋元戰爭。",,262,BDSYX,20070713,,
42038,,,,,,,,,0,,,,,,,"宋元戰爭。",,263,BDSYX,20070713,,
22846,,,,,,,,,0,,,,,,,"紹興中上書言事被斥，竟廢於家。",,264,BDZHOUJIA,20070713,,
42056,,,,,1238,553,2,,0,,,,,,,"（何）充從子。充通判黎州攝州事，元兵破城，仲桂隨充慷慨就義死。",,265,BDGLW,20070713,,
39159,,,,,,,,,0,,,,,,,"宋蒙戰爭。",,266,BDSYX,20070713,,
42095,,,,,,,,,0,,,,,,,"宋蒙戰爭。",,267,BDSYX,20070713,,
24876,,,,,,,,,0,,,,,,,"金亮入寇，疏贊親征。",,268,BDZHOUJIA,20070714,,
42127,,,,,,,,,0,,,,,,,"宋金戰爭。",,269,BDSYX,20070714,,
42184,,,,,,,,,0,,,,,,,"宋金戰爭。",,270,BDSYX,20070922,,
42203,,,,,,,,,0,,,,,,,"宋夏戰爭。",,271,BDSYX,20070922,,
3649,,,,,,,,,0,,,,,,,"參編《新唐書》。",,272,BDGSX,20070929,,
24338,,,,,1130,540,4,0,0,,,,,,,"建炎四年，州學毀於兵，首捐錢數十萬以修之，且輟天五十畝為養士費。太守擧以風郡人。",,273,BDZHOUJIA,20071013,,
24758,,,,,,,,,0,,,,,,,"慶元六君子。",,274,BDGLW,20071020,,
42798,,,,,,,,,0,,,,,,,"謀殺丁謂等，事泄伏誅。",,275,BDSYX,20071130,,
42846,,,,,1278,561,1,,0,,,,,,,"與湖南提刑劉應龍共起兵，為元將阿里海涯所破，被執，遇害。",,276,BDGSX,20071208,,
42894,,,,,1276,559,2,,0,,,,,,,"咸淳中與弟廷龍同叩閽言事，忤賈似道，歸里。後逢龍又上封事，乞正似道誤國罪，急調兵解襄樊圍。似道怒，削其籍，押還本貫，屏跡居山。元兵至溫，素聞逢龍名，索得之，逢龍攘臂怒罵，以腹觸刃死，廷龍亦被執不屈，同日遇害。",,277,BDGLW,20071215,,
42892,,,,,1276,559,2,,0,,,,,,,"當理宗末，元兵入侵，叩閽言事，激怒賈似道，被削籍，乃屏跡山居。德祐二年，元兵至溫州，兄弟同被執，不屈遇害。",,278,BDGLW,20071215,,
1168,,,,,,,,,0,,,,,,,"虜破明州，偽立蔣安義為守，虜退，叔豹率鄉兵入城，杖死安義，一郡尋安。",,279,BDGLW,20071222,BDGLW,20071222
43025,,,,,1230,551,3,,0,,,,,,,"紹定三年江閩寇大至，他將皆遁，斌獨與官軍數十人巷戰死。",,280,BDZHOUJIA,20080110,,
3404,,,,,1036,520,3,,0,,,,,,,"景祐初更定雅樂。",,281,BDZHOUJIA,20080111,,
29261,,,,,,,,,0,,,,,,,"太祖元年（907），阿保機稱可汗。",,282,BDKP,20080111,BDKP,20080111
29261,,,,,,,,,0,,,,,,,"神冊元年（916），太祖稱帝建國。",,283,BDKP,20080111,BDKP,20080112
43080,,,,,,,,,0,,,,,,,"趙范在襄陽時，每出師必命趙顯與趙葵領精銳，分道赴戰，摧堅陷陣，聚散離合，前無勁敵。",,284,BDZHOUJIA,20080111,,
29261,,,,,,,,,0,,,,,,,"太祖四年（910），太祖以后兄蕭敵魯爲北府宰相，后族爲相自此始。",,287,BDKP,20080111,BDKP,20080111
13147,,,,,,,,,0,,,,,,,"胡安國作春秋傳，修纂檢討，盡出胡寧手。",,288,BDZHOUJIA,20080111,,
38190,,,,,1276,559,2,,0,,,,,,,"德祐二年，元兵陷城，火侵學宮，端坐而死。",,289,BDGLW,20080111,,
10565,,,,,,,,,0,,,,,,,"時宋金醞釀約和，銓上封事，乞斬秦檜、王倫、孫近三人之頭，懸之稿街。檜大怒，除銓名，遠謫嶺南，幾不免於難，由是忠義之聲剛直之名揚天下。檜卒後，始得北歸。",,290,BDZHOUJIA,20080112,BDZHOUJIA,20080112
29261,,,,,,,,,0,,,,,,,"神冊三年（918）二月，城皇都。",,294,BDKP,20080112,BDKP,20080112
29261,,,,,,,,,0,,,,,,,"神冊六年（921）正月，以皇弟蘇為南府宰相，宗室為南府宰相自此始。",,295,BDKP,20080112,,
29261,,,,,,,,,0,,,,,,,"天贊三年（924），太祖西徵吐渾、黨項、阻卜等部。",,296,BDKP,20080112,,
29261,,,,,,,,,0,,,,,,,"天贊四年（925）十二月，東徵渤海大諲譔。",,297,BDKP,20080112,,
43077,,,,,,,,,0,,,,,,,"天顯十三年（938），獲晉幽、薊、瀛、莫、涿、檀、順、媯、儒、新、武、雲、應、朔、寰、蔚十六州，以皇都為上京，府曰臨潢，升幽州為南京，南京為東京。建國號大遼。（參見《遼史》卷四；劉浦江：《遼朝國號考釋》，《歷史硏究》2001年第6期，第30-44頁。）",,298,BDKP,20080112,BDKP,20080112
43077,,,,,,,,,0,,,,,,,"會同九年（946）十二月，太宗滅後晉。","《遼史》卷四。",299,BDKP,20080112,,
43148,,,,,,,,,0,,,,,,,"統和四年（986），大敗宋軍於幽、云諸州。",,300,BDKP,20080113,,
43148,,,,,,,,,0,,,,,,,"統和二十二年（1004），大舉攻宋，與宋達成和議，史稱澶淵之盟。",,301,BDKP,20080113,,
43148,,,,,,,,,0,,,,,,,"統和二十五年（1007），建中京。",,302,BDKP,20080113,,
43251,,,,,,559,,,0,,,,,,,"德祐中上政府書幾萬言，時莫能用。",,303,BDZHOUJIA,20080114,,
20160,,,,,1127,540,1,,0,,,,,,,"金兵再犯京師，諸將皆遁，惟師益孤軍不動。劉韐為丞相，何Li謀亟召師益兵入援，師益行次封丘，遇虜，奮勇力戰死。",,304,BDGLW,20080115,BDGLW,20080115
27529,,,,,,,,,0,,,,,,,"以才選使金。",,305,BDZHOUJIA,20080115,,
4001,1,,,,,,,,0,,,,,,,"吳曦之亂",,306,HVDCS,20080115,,
43300,,,,,983,508,8,,0,,,,,,,"母死負士成墳，晝夜哭不絕聲，州郡以聞，太宗降詔，旌其門閭，賜以粟帛。",,307,BDZHOUJIA,20080116,,
43302,,,,,,,,,0,,,,,,,"清寧九年（1063），與子涅魯古謀逆。",,308,BDKP,20080116,,
43329,,,,,,,,,0,,,,,,,"從端宗入閩，又入廣，驟擢官兵部侍郎。厓山師敗，丞相陸秀夫負帝赴海，湘從之。一時文武及眷屬殉難者甚眾。",,309,BDGSX,20080116,,
18847,,,,,,541,,0,0,,,,,,,"紹興中金人入寇，世將復隴州，破岐下諸屯，又取華虢，兵威稱振。",,310,BDZHOUJIA,20080116,,
820,,,,,,,,,0,,,,,,,"後與范仲淹、張永並祀，號三賢堂。",,311,BDZHOUJIA,20080116,,
43378,,,,,,,,,0,,,,,,,"周顯德末從太祖北征，視日上復有一日，久相摩盪，指曰：天命也。夕次陳橋，太祖為六師推戴，訓皆預白其事。",,313,BDGSX,20080117,,
20727,,,,,,,,,0,,,,,,,"苗劉之變：建炎三年，高宗幸杭州，時諸大將分守要害，扈衛者獨傅，內侍省押班康履頗用事，傅等恨之，已而拜王淵同僉書樞密院事，眾謂薦由內侍，傅遂作亂，殺淵，以兵圍履第，盡殺內官，引兵犯闕，請太后同聽政，帝許諾，太后垂簾，以傅為武當軍節度使。張浚檄諸路勤王，傅棄軍遁，被執送行在，磔於建康市。",,314,BDGSX,20080117,BDGSX,20080117
13043,,,,,,,,,0,,,,,,,"建本縣孔子廟，頗為宏敞。",,315,BDZHOUJIA,20080117,,
43405,,,,,,,,,0,,,,,,,"入太學，率諸生伏闕上書，論知臨安府余晦不法。",,316,BDZHOUJIA,20080117,,
43413,,,,,,,,,0,,,,,,,"德祐中文天祥亡走真州，再成延入城，與定計抗元兵。",,317,BDGSX,20080117,,
584,,,,,,,,,0,,,,,,,"與秦檜力主和議，假太常少卿，接伴金使。檜再主和議，慮諸將難制，同獻計，請皆除樞府，罷其兵權。",,318,BDGSX,20080119,,
43489,,,,,917,483,2,,0,,,,,,,"神冊二年（917）六月，剌葛與其子賽保里叛入幽州。","《遼史》卷一。",319,BDKP,20080119,,
43500,,,,,917,483,2,,0,,,,,,,"神冊二年（917）六月，賽保與其父剌葛叛入幽州。","《遼史》卷一。",320,BDKP,20080120,,
832,,,,,1100,532,3,,0,,,,,,,"哲宗崩，遼使來弔，宗炎以鴻臚少卿迓境上，使者不易服，宗炎以禮折之，須其聽命乃相見。",,321,BDZHOUJIA,20080120,,
16923,,,,,,,,,0,,,,,,,"使於遼，復命，具語錄以獻，徽宗覽而善之，付鴻臚，令後奉使者視為式。",,322,BDGSX,20080120,,
18344,,,,,,,,,0,,,,,,,"高行周於晉末鎮宋州，遼南侵，行周禦之，懷德留守京東。群盜大起，懷德堅壁清野，敵不能入。",,323,BDZHOUJIA,20080121,,
18344,,,,,,,,,0,,,,,,,"從周世宗征淮南，又從北征，克瓦橋關。",,324,BDZHOUJIA,20080121,,
571,,,,,,,,,0,,,,,,,"范祥鹽法。祥曉達財利，建議變鹽法，後人不敢易，稍加損益，人輒不便。",,325,BDGSX,20080121,,
1593,,,,,,,,,0,,,,,,,"父拱卒漳州，州人合錢以賻，介年雖十三，謝不取。",,326,BDZHOUJIA,20080122,,
43626,,,,,1275,559,1,,0,,,,,,,"德祐元年，元兵圍城，仁協助李梓發及縣令李申巽守城甚力，城賴以全。",,327,BDZHOUJIA,20080122,,
43654,,,,,1082,529,5,,0,,,,,,,"永樂之役，獻謀不用，城陷戰死，年七十。邊人無不痛惜。",,328,BDGLW,20080122,,
1597,,,,,,,,,0,,,,,,,"徽宗時京師暴水，至汴且溢，付恪治之，浹旨水平。",,329,BDZHOUJIA,20080122,,
1597,,,,,,,,,0,,,,,,,"唐恪等敕令所進明堂大饗視朝頒朔布政儀範成書制(襄陵集2/5)",,330,BDZHOUJIA,20080122,,
43668,,,,,1278,623,15,,0,,,,,,,"宋亡，元僧楊璉真伽盡發趙氏諸陵之在紹興者，珏潛拾遺骸，造石函六，葬於蘭亭山，移宋故宮冬青樹植其上，作冬青行二首。",,331,BDZHOUJIA,20080122,,
21517,,,,,,,,,0,,,,,,,"知邕州，交趾入寇，唐容討平之。",,332,BDZHOUJIA,20080122,,
43681,,,,,1122,538,4,,0,,,,,,,"世宣與藥師進兵入燕山，與敵巷戰，延慶竟不遣光世策應，世宣因而戰死，藥師敗走。據《三朝北盟會編》卷十一為宣和四年。",,333,BDGLW,20080122,,
10157,,,,,,,,,0,,,,,,,"使金，書用敵國儀，金人令改陪臣二字，洪邁執不可，為金人多方困辱，卒遣還。",,334,BDZHOUJIA,20080124,,
43862,,,,,,548,,0,0,,,,,,,"開禧閒，金兵攻六合及儀徴，將及淮陽，唐璟親率子弟及所部強壯者決塘以拒之，州得保全。",,335,BDZHOUJIA,20080308,,
43885,,,,,1075,528,8,,0,,,,,,,"熙寧八年冬交趾圍邕州，唐子正與蘇緘固守，外援不至，城陷，與緘並死之。",,336,BDZHOUJIA,20080308,,
11688,,,,,,,,,0,,,,,,,"哲宗立，尊為太皇太后。帝年幼，太皇太后攝政，退王安石之黨，用司馬光等，廢新法，成元祐之治，時稱為女中堯舜。",,337,BDGLW,20080308,,
44226,,,,,1275,559,1,,0,,,,,,,"德祐初元兵至鄞，鏞赴軍前責以大義，遂遇害，舉家十七人皆死。",,338,BDGLW,20080412,,
44243,,,,,,,,,0,,,,,,,"靖康之亂，虜酋索米於太學，秀實叱之，酋以劍擊之，絕而復蘇。",,339,BDZHOUJIA,20080412,,
44273,,,,,1234,552,1,2,0,,,,,,,"端平初城陷死之，民立祠以祀。",,340,BDZHOUJIA,20080418,,
44280,,,,,1135,541,5,,0,,,,,7596,10260,"紹興五年金兵犯秦川，與牛皓等同戰死。",,341,BDGLW,20080419,BDGLW,20080419
44298,,,,,1259,556,,,0,,,,,,,"與同官張世雄等禦蒙古兵於橫山，力戰死。景定元年詔贈十官。《可齋續稿·奏節次調兵自劾事》為開慶元年死事。",,342,BDGLW,20080419,,
44313,,,,,1221,549,14,,0,,,,,,,"父鉅通判蘄州，金兵陷蘄，隨父死難。贈通直郎。",,343,BDGLW,20080419,BDGLW,20080419
16025,,,,,1221,549,14,,0,,,,,,,"嘉定十四年，金人犯境，與郡守李誠之協力捍禦，救援不至，城破，鉅猶以親兵巷戰，死傷略盡。鉅歸署，疾呼吏人，火諸倉庫，乃赴一室自焚死，封顯節侯，諡義烈，立廟蘄州，賜額褒忠。",,344,BDGLW,20080419,,
26262,,,,,,,,,0,,,,,,,"父沒歸隱，樂於為義，與弟可大立鄉校以訓士，士林稱之。",,345,BDZHOUJIA,20080419,,
1260,,,,,,,,,0,,,,,7596,8529,"時金人大入，列郡震恐，約屹保孤城，境內安堵，高宗嘉其忠，後擢試戶部侍郎",,346,TTS,20080421,,
1504,,,,,1164,,,,0,,,,,7596,17578,"金主亮入寇，渡淮臨采石，朝命允文犒師采石，遂督兵戰，大敗之。劉錡執其手曰：朝廷養兵三十年，今日大功乃出儒者",,347,TTS,20080423,,
44377,,,,,,,,,0,,,,,7596,23058,"遇元兵於高郵，死之",,348,PBOL,20080425,,
26431,,,,,,,,,0,,,,,,,"元兵次近郊，丞相檄告天下守令以城降，鉉翁獨不署。奉命使元，留館中，聞宋亡，旦夕哭涕不食，元欲官之，不受。",,349,BDZHOUJIA,20080426,,
44401,,,,,1275,559,1,,0,,,,,,,"元兵至，父軍前殉難，舉家赴水死，惟潤祖以僕救得不死。",,350,BDGLW,20080426,,
19514,,,,,,,,,0,,,,,,,"累官知杭州，榜其里門曰德壽坊。",,351,BDZHOUJIA,20080426,,
44535,,,,,,,,,0,,,,,,,"金主避元兵，竄于汴，民苦橫斂，思為亂，李全、劉二祖、霍儀相繼起兵，夏全、石珪、裴淵等附之。",,352,BDZHOUJIA,20080510,,
3344,,,,,1127,539,2,,0,,,,,,,"靖康閒金人入寇，京尹徐秉哲散文榜，限括皇族，冀幸自全。承毅然折以大義，密令毀棄其榜文，盡散拘擊之人。",,353,BDZHOUJIA,20080510,,
44559,,,,,1161,541,31,,0,,,,,,,"紹興中金人入寇。夏俊興士人胡昉部八十四人夜攻泗州。金守將棄城遁。俊入城撫勞。",,354,BDZHOUJIA,20080510,,
44606,,,,,,,,,0,,,,,,,"儂智高叛亂。",,355,BDSYX,20080517,,
42945,,,,,1239,553,3,,0,,,,,,,"解壽春圍。",,356,BDZHOUJIA,20080517,,
44618,,,,,1221,549,14,,0,,,,,,,"嘉定十四年，金人犯境，父鉅通判蘄州，金兵陷城，隨父死難。",,357,BDGLW,20080523,BDGLW,20080523
39032,,,,,1239,553,3,,0,,,,,,,"嘉熙三年元兵陷成都，引兵與戰，父子皆戰死。",,358,BDGLW,20080524,,
16019,,,,,994,511,5,,0,,,,,,,"《宋史．秦傳序傳》淳化五年充夔峽巡檢使，李順之亂，傳序督士卒拒戰，城陷，赴火死。",,359,BDGLW,20080524,,
3466,,,,,1041,522,2,,0,,,,,,,"元昊入侵，參任福行營軍事。康定二年禦寇死軍中。",,360,BDGLW,20080524,,
44821,,1,109,,1276,560,1,,0,,,,,,,,,361,BDSYX,20080531,,
44872,,2,109,,1245,554,5,,0,,,,12603,,,"淳祐五年春，與蒙古軍戰於安豐，歿於陣。",,362,BDGLW,20080531,TTS,20080916
44882,,3,63,,1126,539,1,,0,,,,,,,"甫冠舉於鄉，補太學生，靖康初，嘗率同舍生陳東、劉銓等六十餘人伏闕上書，請復用李網。",,363,BDZHOUJIA,20080531,TTS,20080916
44891,,4,13,,,,,,0,,,,,,,,,365,BDDYJ,20080531,TTS,20080916
44894,,5,13,,,,,,0,,,,,,,,,366,BDDYJ,20080531,TTS,20080916
44947,,6,59,"建炎初為貴州防禦使，節制河東軍馬，屯河中。金將婁宿以重兵壓城，仲連率眾力戰，度不能守，先自殺其家人，",,,,,0,,,,,,,,,367,BDGSX,20080607,TTS,20080916
1532,,7,48,"二年以元祐黨籍奪官。",1099,532,2,,0,,,,,,,,,368,BDGLW,20080607,TTS,20080916
44955,,9,59,"與金人戰於明州城下，殉難。",,,,,0,,,,101095,,,,,370,BDGSX,20080607,TTS,20080916
44960,,10,59,"金人圍安陸，游騎至漢川，仲昇逆戰，斬其先鋒，焚其戰艦，復刼金寨，殺千餘人，中流矢死。",,,,,0,,,,,,,,,371,BDGSX,20080607,TTS,20080916
25044,,11,51,"韓忠彥入相，紹聖黨與以次斥去，惟蔡京結宦寺為助，徽宗未有逐京意。徐勣與諫官陳瓘、任伯雨同論蔡京之罪，",,,,,0,,,,,,,,,372,BDLYH,20080607,TTS,20080916
8001,,12,32,,,,,,0,,,,,,,,,373,BDZWZ,20080607,TTS,20080916
43665,,13,109,,,,,,0,,,,,,,,,374,BDZWZ,20080612,TTS,20080916
3663,,14,7,"從太祖攻李筠。",,,,,0,,,,,,,,,375,BDDWJ,20080613,TTS,20080916
3663,,15,7,"從太祖平李重進。",,,,,0,,,,,,,,,376,BDDWJ,20080613,TTS,20080916
12236,,16,6,"代表南唐出使宋廷，後隨李煜降宋。",976,507,9,0,0,1,4,8,,,,,,377,BDLYH,20080617,TTS,20080916
333,,17,48,"哲宗親政，起惇為尚書左僕射，兼門下侍郎，封申國公，引其黨蔡京、蔡卞等，盡復熙豐之政，力排元祐黨人。",,,,,0,,,,,,,,,378,BDGSX,20080617,TTS,20080916
333,,18,39,"王安石悅其才，用為編修三司條例官。",,,,,0,,,,,,,,,379,BDGSX,20080617,TTS,20080916
45081,,19,109,"咸惇末都城失守，與弟塈捐家資募忠勇，得義兵數千，收復婺城。",,,,,0,,,,,,,,,380,BDGSX,20080617,TTS,20080916
45084,,20,109,"咸惇末都城失守，與弟塈捐家資募忠勇，得義兵數千，收復婺城。",,,,,0,,,,,,,,,381,BDGSX,20080617,TTS,20080916
39571,,21,104,"忤丁大全解職。",,,,,0,,,,,,,,,382,BDGSX,20080618,TTS,20080916
14042,,22,89,"與章穎抗疏劾韓侂冑，罷歸。",,,,,0,,,,,,,,,383,BDGSX,20080618,TTS,20080916
45107,,23,65,"為應天府兵馬鈐轄，城陷不得歸，謀挺身還朝，為人所告而死。",1128,540,2,,0,,,,,,,,,384,BDSYX,20080618,TTS,20080916
45154,,24,94,"力陳李全必叛，全果亂，郡縣官多被禍，獨樵率諸生盛服坐堂上講誦，賊至，斂刃退。",,,,,0,,,,,,,,,385,BDGSX,20080619,TTS,20080916
12353,,25,59,,,,,,0,,,,,,,,,386,BDZWZ,20080619,TTS,20080916
14106,,26,51,"蔡京復相，興制獄傾陷章氏父子，竄藎均州。",,,,,0,,,,,,,,,387,BDGSX,20080619,TTS,20080916
12966,,27,51,"蔡京復相，興制獄傾章氏，竄縯永州。",,,,,0,,,,,,,,,388,BDGSX,20080619,TTS,20080916
12968,,28,51,"蔡京復相，興制獄，傾章氏，竄綰眭州。",,,,,0,,,,,,,,,389,BDGSX,20080619,TTS,20080916
3000,0,,,,0,0,0,,0,,,,,7596,,"宋金战争。",,13,TTS,20070312,,
3298,0,,,,1120,538,2,,0,,,,,7596,,"方臘起義。",,14,TTS,20070312,,
3744,0,,,,0,0,0,,0,,,,,7596,,"少治詩，累舉不第，遂絕意仕進，專以治家為事。為人慷慨尚義，於宗族恩尤篤，司馬氏世聚居，食眾而田園寡，浩竭力營衣食以贍之，凡數十年，始終無纖怨。",,15,TTS,20070312,,
3842,0,,,,0,0,0,,0,,,,,7596,,"與修《冊府元龜》。",,16,TTS,20070312,,
3941,0,,,,0,0,0,,0,,,,,7596,,"嘗修集韻，校定史記及兩漢書撰大享明堂記，又奉詔修雅樂。",,17,TTS,20070312,,
7063,0,,,,0,0,0,,0,,,,,7596,,"紹聖黨事起，以上書論辯得罪",,18,TTS,20070312,,
7379,0,,,,0,0,0,,0,,,,,7596,996,"宋夏戰爭。","數敗趙元昊。",19,TTS,20070312,,
8155,0,,,,1130,540,4,,0,,,,,7596,1736,"父王易簡等三百人死于馬進之亂。",,20,TTS,20070312,,
8178,0,,,,0,0,0,,0,,,,,7596,,"高宗時奉命使金","高宗時奉命使金，屢被拘留，及金人脅之以官，竟不受，紹興十四年，被金人絞死。",21,TTS,20070312,,
11320,0,,,,1130,540,4,,0,,,,,7596,,"宋金戰爭","建炎四年金人犯境，良集所部百餘人，被甲執戈力戰，眾寡不敵，不屈而死。",22,TTS,20070312,,
11786,0,,,,0,0,0,,0,,,,,7596,,,,23,TTS,20070312,,
13211,0,,,,0,0,0,,0,,,,,7596,,"時方議和，叔度上書請修兵備以杜金人窺測之漸。秦檜惡其不附和議，移嘉州司戶參軍。",,24,TTS,20070312,,
13591,0,,,,1047,523,7,,0,,,,,7596,,"王則反貝州。","慶曆末，以妖幻號召徒眾，據貝州反。僭號東平郡王，建國曰安陽，年號得勝，凡六十六日。",25,TTS,20070312,,
15556,1,,,,1187,0,0,,0,,,,,0,,"銓試。",,26,TTS,20070312,,
15931,0,,,,986,509,3,,0,,,,,7596,,"雍熙北伐：雍熙三年（986）",,27,TTS,20070312,,
16571,0,,,,0,0,0,,0,,,,,7596,,"南遷知廬州，募兵復壽春，張浚視師，悆為畫策，不用。以忠義勉牛臯，臯奮勇，所向披靡，寇遂自潰。",,28,TTS,20070312,,
16681,0,,,,0,0,0,,0,,,,,7596,,"出使金國，粘罕迫仕劉豫，守節不屈。和議成，得還。",,29,TTS,20070312,,
16689,0,,,,0,0,0,,0,,,,,7596,,"方臘之亂。","方臘之亂，愈守信州，斬賊有功，進官職二等。",30,TTS,20070312,,
17174,0,,,,0,0,0,,0,,,,,7596,,"宋蒙戰爭。","彭州守臣，蒙古軍陷城，殉職。",31,TTS,20070312,,
17234,0,,,,0,0,0,,0,,,,,7596,,"李筠叛，守信討平之。",,32,TTS,20070312,,
17236,0,,,,0,0,0,,0,,,,,7596,,,,33,TTS,20070312,,
17888,0,,,,1208,549,1,,0,,,,,7596,,"嘉定和議：柟至金，和議遂決。",,34,TTS,20070312,,
18205,1,,,,1232,0,0,,0,,,,,0,,"銓試",,35,TTS,20070312,,
18663,0,,,,0,0,0,,0,,,,,7596,,,"Respected for his scholarship.",36,TTS,20070312,,
19338,0,,,,0,0,0,,0,,,,,7596,,"方腊之亂",,37,TTS,20070312,,
19879,0,,,,0,0,0,,0,,,,,7596,,"嘗預修四朝史",,38,TTS,20070312,,
21198,0,,,,0,0,0,,0,,,,,7596,,"峒獠弄兵，範練軍旅，廣儲蓄，備守禦，峒獠不敢犯。",,39,TTS,20070312,,
21230,0,,,,0,0,0,,0,,,,,7596,,"初朴使金被留，生通國，取蘇武之意。通國有大志，結北方之豪，欲舉事。金太子以都元帥守大梁，乘十六傳而至，將以某日受任，通國謀率壯士劫之，事洩被害。",,40,TTS,20070312,,
21235,0,,,,1275,559,1,,0,,,,,7596,,"德祐元年元兵來攻，乘南風縱火，都統程文亮迎戰敗降，夢求朝服自經死。",,41,TTS,20070312,,
21981,0,,,,0,0,0,,0,,,,,7596,,"宋夏戰爭（李繼遷）",,42,TTS,20070312,,
22053,0,,,,1130,540,4,,0,,,,,7596,,"家三百口俱死於賊馬進之難。",,43,TTS,20070312,,
22175,0,,,,0,0,0,,0,,,,,7596,,,,44,TTS,20070312,,
22177,0,,,,0,0,0,,0,,,,,7596,,"端宗召權兵部侍郎，與凌震將兵為犄角，復廣州，兼兵部尚書。",,45,TTS,20070312,,
22210,0,,,,0,0,0,,0,,,,,7596,,"宋金戰爭","金人寇澶淵，城陷遇害。",46,TTS,20070312,,
23652,0,,,,0,0,0,,0,,,,,7596,,,,47,TTS,20070312,,
24910,0,,,,0,0,0,,0,,,,,7596,,"坐元符末上書言多譏訕，衝替不得改官。崇寧二年入黨籍，五年吏部注在外差遣。",,48,TTS,20070312,,
24915,0,,,,1104,534,3,,0,,,,,7596,,,,49,TTS,20070312,,
24947,0,,,,0,0,0,,0,,,,,7596,,"黨籍",,50,TTS,20070312,,
25003,0,,,,0,0,0,,0,,,,,7596,,"元符上書。","崇寧初選人，坐元符上書，言多詆譏，衝替不得改官。三年，入黨籍；五年，吏部注在外差遣。",51,TTS,20070312,,
25005,0,,,,0,0,0,,0,,,,,7596,,"元符上書。","崇寧初選人，於元符上書，言多詆譏，衝替不得改官，三年入黨籍。五年令吏部注在外合入差遣。",52,TTS,20070312,,
25089,0,,,,0,0,0,,0,,,,,7596,,,"與李若水同被害于金營",53,TTS,20070312,,
25137,0,,,,1175,544,2,,0,,,,,7596,,"茶寇賴文正",,54,TTS,20070312,,
27727,0,,,,0,0,0,,0,,,,,7596,,"宋元戰爭：以嚴州降元。",,55,TTS,20070312,,
33882,0,,,,0,0,0,,0,,,,,7596,,"嘉定中詔刊正經籍，當事者聘司校讎，會有目疾罷歸。",,56,TTS,20070312,,
34017,0,,,,1049,524,1,,0,,,,,7596,,"儂智高叛亂。",,57,TTS,20070312,,
35303,0,,,,0,0,0,,0,,,,,7596,,"文天祥起兵，辟與幕議，曰：事已至此，去將安歸。涕泣謝之，自此隱身不出，或勸之仕，曰：「我不能死，可復仕乎？」",,58,TTS,20070312,,
37694,0,,,,1277,560,2,,0,,,,,7596,,"宋蒙戰爭：元兵入浙東。",,59,TTS,20070312,,
37738,0,,,,1049,524,1,,0,,,,,7596,,"儂智高叛亂：皇祐元年（1049）--皇祐五年（1053）",,60,TTS,20070312,,
37766,0,,,,0,528,0,,0,,,,,7596,,"熙寧中，與崔白、艾宣、葛守昌受詔同畫垂拱御扆圖。",,61,TTS,20070312,,
37768,0,,,,0,0,0,,0,,,,,7596,,"宋金戰爭酈瓊兵變",,62,TTS,20070312,,
37780,0,,,,0,0,0,,0,,,,,7596,,"為王德所執",,63,TTS,20070312,,
37866,0,,,,1175,544,2,,0,,,,,7596,,"茶寇賴文政之亂",,64,TTS,20070312,,
37884,0,,,,0,0,0,,0,,,,,7596,,"宋金戰爭：與金人遇于十八里州，戰死。",,65,TTS,20070312,,
37890,0,,,,0,0,0,,0,,,,,7596,,"宋夏戰爭：破李繼遷有功。",,66,TTS,20070312,,
37922,0,,,,0,0,0,,0,,,,,7596,,"宋蒙戰爭：端平三年蒙古兵陷蜀，闔門殉難。",,67,TTS,20070312,,
37934,0,,,,0,0,0,,0,,,,,7596,,,,68,TTS,20070312,,
37936,0,,,,0,0,0,,0,,,,,7596,,"方腊起義：與方腊黨俞道安戰，力屈而死。",,69,TTS,20070312,,
37951,0,,,,0,0,0,,0,,,,,7596,,"宋蒙戰爭：守合州有功。",,70,TTS,20070312,,
37952,0,,,,0,0,0,,0,,,,,7596,,"宋蒙戰爭",,71,TTS,20070312,,
37955,0,,,,0,0,0,,0,,,,,7596,,"被理宗召見。",,72,TTS,20070312,,
37957,0,,,,0,0,0,,0,,,,,7596,1410,"宋蒙戰爭","戍蜀，軍潰走靜江，守馬塈，邀同守城。元兵陷城，被執，大罵不屈，割舌刖鼻死。",73,TTS,20070312,,
37958,0,,,,0,0,0,,0,,,,,7596,,"宋遼戰爭：從楊業，為遼兵所圍，親射殺數十人，矢盡，遇害。",,74,TTS,20070312,,
37976,0,,,,0,0,0,,0,,,,,7596,,"宋蒙戰爭：王起宗遷安撫使知池州，夏貴軍潰，棄城走。",,75,TTS,20070312,,
38018,0,,,,0,0,0,,0,,,,,7596,,"元符上書入黨籍。",,76,TTS,20070312,,
38042,0,,,,0,0,0,,0,,,,,7596,1917,"宋蒙戰爭","元兵取饒州，通判常福以城降，屬邑皆隨之款附，獨貴行不屈，赴水死。",77,TTS,20070312,,
38048,0,,,,0,0,0,,0,,,,,7596,,"宋蒙戰爭：","嘉熙間，元兵犯淮，與同官李仙、李雄、廖雷等戰於宣化，殉職。",78,TTS,20070312,,
38051,0,,,,0,0,0,,0,,,,,7596,,"金兵犯筠，助丈夫王袤逃。",,79,TTS,20070312,,
38052,0,,,,0,0,0,,0,,,,,7596,,"宋蒙戰爭：","嘉熙間蒙古兵來犯，與同官王海、李雄、廖雷等戰於宣化，陣沒，各贈武翼大夫。",80,TTS,20070312,,
38054,0,,,,0,0,0,,0,,,,,7596,,"宋蒙戰爭：","嘉熙間蒙古來犯，與同官李仙等戰於宣化，陣歿，贈武翼大夫。",81,TTS,20070312,,
38055,0,,,,0,0,0,,0,,,,,7596,,"宋蒙戰爭：","嘉熙間蒙古兵來犯，與同官李仙，王海等俱戰沒。",82,TTS,20070312,,
38061,0,,,,0,0,0,,0,,,,,7596,,,,83,TTS,20070312,,
38064,0,,,,0,0,0,,0,,,,,7596,,"隱華山潼谷，與陳摶齊名。志尚清潔，善服氣，年百餘歲，康強無疾。太宗召赴闕，留數月，遣還山。",,84,TTS,20070312,,
38075,0,,,,0,0,0,,0,,,,,7596,,"紹興初官高郵尉，拒金兵力戰而死。",,85,TTS,20070312,,
38076,0,,,,0,0,0,,0,,,,,7596,,"宋蒙戰爭：伯顏入臨安，被擄北去。",,86,TTS,20070312,,
38077,0,,,,0,0,0,,0,,,,,7596,,"其父丁公膺死節，朝廷官遂以其為恆山令。",,87,TTS,20070312,,
38079,0,,,,0,536,0,,0,,,,,7596,,"顒卒，俁嗣立，貢使接踵來朝。且令士子金瑞等五人入太學，朝廷為置博士。政和中升其使為國信。",,88,TTS,20070312,,
38090,0,,,,0,0,0,,0,,,,,7596,,"宋蒙戰爭",,89,TTS,20070312,,
38107,0,,,,1047,523,7,,0,,,,,7596,,"王則反貝州。","王則反貝州，信率兵執則而還。",90,TTS,20070312,,
38115,0,,,,0,0,0,,0,,,,,7596,,"宋夏戰爭","歷神宗、哲宗朝，數破夏羌。",91,TTS,20070312,,
38117,0,,,,0,0,0,,0,,,,,7596,,"建炎間青州士兵趙晟聚眾為亂，城陷死於難。詔贈二官，官其二子。",,92,TTS,20070312,,
38120,0,,,,1173,543,9,,0,,,,,7596,,"黎賊為亂，日存等招降之",,93,TTS,20070312,,
38131,0,,,,0,0,0,,0,,,,,7596,857,"宋金戰爭。","靖康之亂，稟以孤軍守太原，城陷，荀與稟入告太原廟，抱太宗御容赴汾水死。",94,TTS,20070312,,
38132,0,,,,1236,552,3,,0,,,,,7596,,"元兵入四川。","端平三年，隨曹友聞守大安，元兵入四川，以眾寡不敵力戰死。",95,TTS,20070312,,
38146,0,,,,0,0,0,,0,,,,,7596,,"慶曆衛士之變",,96,TTS,20070312,,
38148,0,,,,0,0,0,,0,,,,,7596,,"宋金戰爭。","靖康初總軍太原，金人入寇，稟提孤旅由平陽應援，自春至秋，救者不至，城陷，抗辭罵賊，與子均死節。",97,TTS,20070312,,
38158,0,,,,1129,540,3,,0,,,,,7596,,"宋金戰爭。","復知徐州，建炎三年，金兵圍徐州，父子同守城力戰。外援不至，城陷，父子俱不屈死節。",98,TTS,20070312,,
38159,0,,,,1129,540,3,,0,,,,,7596,,"宋金戰爭。",,99,TTS,20070312,,
38172,0,,,,0,0,0,,0,,,,,7596,,"以閤門祇候與儂智高戰於太平場，被執，罵賊不已，至以沸湯沃之，終不屈而死，贈信州刺史。",,100,TTS,20070312,,
38175,0,,,,0,0,0,,0,,,,,7596,,"遊上庠，不第。",,101,TTS,20070312,,
38180,0,,,,0,0,0,,0,,,,,7596,,"宋蒙戰爭：元脅太后詔台州降，珏與兵部侍郎陳仁玉、本州教授邵囦集民增陴浚隍，堅壁以守，城陷，赴泮水死。",,102,TTS,20070312,,
38182,0,,,,0,0,0,,0,,,,,7596,,"開禧間曾攻克密州。",,103,TTS,20070312,,
38184,0,,,,0,0,0,,0,,,,,7596,,"六舉禮部不第，穩居以終。",,104,TTS,20070312,,
38188,0,,,,0,0,0,,0,,,,,7596,,"與馮時行為友，同游十五人，訪古梅於成都西郊，分韻賦詩。",,105,TTS,20070312,,
38201,0,,,,0,0,0,,0,,,,,7596,,"德祐元年，元兵攻潭州，芾命興帥兵禦之。",,106,TTS,20070312,,
38203,0,,,,0,0,0,,0,,,,,7596,,"建議治西北行宮以壓遼、夏。上書言建儲。",,107,TTS,20070312,,
38246,0,,,,0,0,0,,0,,,,,7596,,"文天祥起兵勤王，乃率其子弟及鄉勇千人應募，數破賊寨，舉為義兵總管。未幾，元兵南下，天祥被執，遂散其餘兵，悲憤而卒。",,108,TTS,20070312,,
38248,0,,,,0,0,0,,0,,,,,7596,,,,109,TTS,20070312,,
38252,0,,,,0,553,0,,0,,,,,7596,,"宋蒙戰爭：嘉熙時，與蒙古兵戰於雞冠隘，力戰陣歿。",,110,TTS,20070312,,
38256,0,,,,0,0,0,,0,,,,,7596,,"宋金戰爭，全家陷沒。",,111,TTS,20070312,,
38261,0,,,,0,0,0,,0,,,,,7596,,"宋金戰爭，全家陷沒。",,112,TTS,20070312,,
38265,0,,,,1022,517,1,,0,,,,,7596,,"與進士周慎同遊華嶽，刻石以記。",,113,TTS,20070312,,
38291,0,,,,0,0,0,,0,,,,,7596,,"嘗禦睦寇之亂，邑人祠之。",,114,TTS,20070312,,
38294,0,,,,1041,522,2,,0,,,,,7596,,"好水川之戰：從任福屯好水川，力戰死。",,115,TTS,20070312,,
38298,0,,,,0,0,0,,0,,,,,7596,,"宋蒙戰爭：端平三年，元兵入四川，將圍大安，隨友聞迂迴敵後夾擊時，力戰而死。",,116,TTS,20070312,,
38302,0,,,,0,0,0,,0,,,,,7596,,"為萬州守將，元兵圍其城，守禦甚力。元遣人招降不從，城破巷戰死。",,117,TTS,20070312,,
38313,0,,,,0,0,0,,0,,,,,7596,,"宋蒙戰爭",,118,TTS,20070312,,
38339,0,,,,0,554,0,,0,,,,,7596,,"宋蒙戰爭：淳祐中以左武衛中郎將措置濠州捍禦。與淮西路鈐王杰，江東路鈐李季實，往馬帥王鑑軍前議事，遇蒙古兵，俱力戰而死。",,119,TTS,20070312,,
38367,0,,,,0,0,0,,0,,,,,7596,,"宋蒙戰爭",,120,TTS,20070312,,
38373,0,,,,0,551,0,,0,,,,,7596,,"宋金戰爭：金兵犯淮，守令望風遁。迸度力不能禦，懷印自投於井。",,121,TTS,20070312,,
38408,0,,,,0,0,0,,0,,,,,7596,,"宋蒙戰爭",,122,TTS,20070312,,
38411,0,,,,0,0,0,,0,,,,,7596,,"宋蒙戰爭",,123,TTS,20070312,,
38420,0,,,,0,0,0,,0,,,,,7596,,"宋金戰爭。","建災四年，金師至，琦禦之，金人立招降旗榜，改年號阜昌，眾皆拜，琦獨不屈，遂遇害。",124,TTS,20070312,,
38427,0,,,,0,0,0,,0,,,,,7596,,"宋蒙戰爭，城陷，自經死。",,125,TTS,20070312,,
38433,0,,,,0,0,0,,0,,,,,7596,,"宋金戰爭：紹興隆興間，任荊襄都統制，扞禦金人，收復鄧州，經營汝洛，戰勝攻取，功冠諸將。",,126,TTS,20070312,,
38443,0,,,,995,0,0,,0,,,,,7596,,"王小波、李順起義：以破李順功，官至順州路防禦使。",,127,TTS,20070312,,
38444,0,,,,1075,528,8,,0,,,,,7596,,"淯井夷人入寇，同梓夔路鈐轄王光祖討平之。","（元豐三年）後瀘州蠻乞弟圍安夷砦羅箇牟村，宣力戰死。",128,TTS,20070312,,
38450,0,,,,0,0,0,,0,,,,,7596,,,,129,TTS,20070312,,
38461,0,,,,0,0,0,,0,,,,,7596,,"綿州軍亂，繼濤身被八創，單騎走成都，被誣，召入京西質，道病卒。",,130,TTS,20070312,,
38463,0,,,,0,0,0,,0,,,,,7596,,"綿州軍亂，刺史王繼濤與都監李德榮拒之，德榮戰死。",,131,TTS,20070312,,
38483,0,,,,0,0,0,,0,,,,,7596,,"靖康初，以寧走鼎州乞師入援，解太原圍。",,132,TTS,20070312,,
38540,0,,,,0,0,0,,0,,,,,7596,,"咸淳中預薦舉。宋亡，授徒講學，士爭趨之。",,133,TTS,20070312,,
38545,0,,,,0,0,0,,0,,,,,7596,,"宋室北遷，益廣二王入閩，取道江山，元兵追急，附鳳以義兵遏之，二王得入閩，而附鳳戰死。",,134,TTS,20070312,,
38553,0,,,,0,0,0,,0,,,,,7596,,"崇德好義，仿范仲淹義田，建慈惠莊以瞻族之貧者。",,135,TTS,20070312,,
38556,0,,,,0,0,0,,0,,,,,7596,,"屢試不售，以詩酒自娛，畫竹自給。大竹畫形，小竹畫意，為時所寶",,136,TTS,20070312,,
38561,0,,,,0,0,0,,0,,,,,7596,,"其言陸九淵之講學，先欲復本心以為主宰，從此涵養，日充月明。讀書考古，不過欲明此理，盡此心耳。聞者感動。",,137,TTS,20070312,,
38580,0,,,,0,0,0,,0,,,,,7596,,"為化州石城令，李接反，來攻城，士毅與尉曰，吾與君當以死衛百姓，糾合義丁與賊戰，眾寡不敵，罵賊死。",,138,TTS,20070312,,
38585,0,,,,0,0,0,,0,,,,,7596,,"宋金戰爭。",,139,TTS,20070312,,
38589,0,,,,0,0,0,,0,,,,,7596,,"楊甲撰六經圖，邦翰為之增補。",,140,TTS,20070312,,
38594,0,,,,0,0,0,,0,,,,,7596,,,,141,TTS,20070312,,
38598,0,,,,0,552,0,0,0,,,,,7596,,"端平間榮全據高郵以叛，與同黨王安等宴飲，惜惜取於供給，安斥責之。惜惜曰，妾雖賤伎，不能事叛臣。全怒，以刀刃裂口，立命臠之，罵至死不絕口。",,142,TTS,20070312,,
38619,0,,,,1120,538,2,2,0,,,,,7596,,"方腊起義。","有節操，為歙州士曹，方臘陷城，罵賊死。妻及子婦，亦死於賊。",143,TTS,20070312,,
38623,0,,,,0,0,0,,0,,,,,7596,,"崇寧初召拜殿中侍御史，遂同錢遹造廢元祐皇后議。",,144,TTS,20070312,,
38624,0,,,,0,0,0,,0,,,,,7596,,"宋蒙戰爭",,145,TTS,20070312,,
38625,0,,,,0,0,0,,0,,,,,7596,,"邛徠部渠帥。嘉熙二年十月，元兵陷黎平，通判何充不屈死，戴率兵千人與戰，沒於陣。",,146,TTS,20070312,,
38626,,,,,,,,,0,,,,,,,"嘉熙二年十月，元兵陷黎平，通判何充不屈死。",,147,TTS,20070312,BDGLW,20071013
38628,0,,,,0,0,0,,0,,,,,7596,,"宋蒙戰爭",,148,TTS,20070312,,
38632,0,,,,0,0,0,,0,,,,,7596,,"西人犯邊，曦率所領擊破之。守霸州，計擒戎虜陳廷山。",,149,TTS,20070312,,
38634,0,,,,0,541,0,0,0,,,,,7596,,"紹興間金人犯秦川，副使吳玠遣皓伺之，皓與金兵遇，所部不滿二百，力戰死。",,150,TTS,20070312,,
38636,0,,,,0,0,0,,0,,,,,7596,,"儂智高攻邕州，鑑挾策干余靖，說諭諸洞酋長，使不附智高。",,151,TTS,20070312,,
38640,0,,,,0,0,0,,0,,,,,7596,,"初為射士，屢破金人。又從岳飛復襄陽，破揚么。",,152,TTS,20070312,,
38648,0,,,,0,0,0,,0,,,,,7596,,"入對，言人主要以天命人心之所繫致念，又言士氣久靡，宜振起之。",,153,TTS,20070312,,
38649,0,,,,0,0,0,,0,,,,,7596,,"康定初，夏人寇延州，元孫戰敗見執，及元昊納款，縱歸。",,154,TTS,20070312,,
38681,0,,,,0,0,0,,0,,,,,7596,,"宋元戰爭。","任蜀都統，守涪州。元兵攻圍無虛日，勢孤援絕，宋亡二年城始破，仙自刎，斷其吭不殊，以兩手自摘其首墜死。",155,TTS,20070312,,
38700,0,,,,0,0,0,,0,,,,,7596,,"元昊叛，全彬監鄜州兵，救延州，解圍去。儂智高寇廣南，全彬為湖南江西路安撫副使，力戰於邕州，南方平，後遷福延宮使。",,156,TTS,20070312,,
38701,0,,,,0,0,0,,0,,,,,7596,,"宋蒙戰爭。",,157,TTS,20070312,,
38738,0,,,,0,0,0,,0,,,,,7596,,"盜劫其母墓，成獄，盜不死，吉老手殺之，詣州自言。",,158,TTS,20070312,,
38806,0,,,,0,0,0,,0,,,,,7596,,"儂智高犯邕，瑜條上用兵禦賊十事，智高平，召對便殿，具言備守之策。",,159,TTS,20070312,,
38825,0,,,,0,0,0,,0,,,,,7596,,,,160,TTS,20070312,,
38830,0,,,,0,0,0,,0,,,,,7596,,"紹定四年三月元兵闖鳳州至馬嶺堡，以兵二千駐堡，鏖戰數日，援絕戰死。",,161,TTS,20070312,,
38844,0,,,,0,0,0,,0,,,,,7596,,"從討李重進，征太原，皆有功。",,162,TTS,20070312,,
38936,0,,,,0,0,0,,0,,,,,7596,,"宋夏戰爭。",,163,TTS,20070312,,
38938,0,,,,1278,561,1,0,0,,,,,7596,,"元兵攻略海南，瓊管安撫使趙興珞命義勇冉安國等兵禦白沙口，極力死戰，元兵不得登岸。至冬十一月元兵購賄內應，執之，漫罵不屈死。",,164,TTS,20070312,,
38946,0,,,,0,0,0,,0,,,,,7596,,"方腊起義。",,165,TTS,20070312,,
39073,0,,,,0,0,0,,0,,,,,7596,,"宋金戰爭。","建炎間金人圍城，城陷不屈死。",166,TTS,20070312,,
39074,0,,,,1124,538,6,1,0,,,,,7596,,"宋金戰爭。金人圍代急，抗死守。及城破，父子三人力戰死。",,167,TTS,20070312,,
39123,0,,,,0,0,0,,0,,,,,7596,,"宋元戰爭。","樊城裨將。元兵來犯，城破，隨守將牛富赴火死。",168,TTS,20070312,,
39132,0,,,,1254,555,2,,0,,,,,7596,,"宋蒙戰爭","寶祐二年，蒙古兵攻隆慶，與同儕馬徽等戰歿於陣。事聞，詔有司立廟奉祀。",169,TTS,20070312,,
39156,0,,,,0,0,0,,0,,,,,7596,,"宋蒙戰爭","蒙古兵陷洋州，傅才隨蜀將領關貴率兵復之。既還，遇寇兵，與將士百五十三人並戰歿。",170,TTS,20070312,,
39157,0,,,,0,0,0,,0,,,,,7596,,"宋元戰爭。","紹定四年，元兵攻大安，隨都統何進力戰皆死。",171,TTS,20070312,,
39249,0,,,,0,0,0,,0,,,,,7596,,"王威寇掠郡縣，奐造賊寨，諭降之。",,172,TTS,20070312,,
39334,0,,,,0,0,0,,0,,,,,7596,,"宋蒙戰爭。",,173,TTS,20070312,,
39389,0,,,,0,0,0,,0,,,,,7596,,"宋元戰爭","元兵下江南，遣裨將至縣招撫，光與同邑張軫等率鄉兵抵禦，被執，不屈死。",174,TTS,20070312,,
39540,0,,,,0,0,0,,0,,,,,7596,,"宋夏戰爭，宋金戰爭。","夏人入寇，力戰敗之。金兵攻陝西，端治兵涇原，招流民潰卒，道不拾遺。",175,TTS,20070312,,
39569,0,,,,0,0,0,,0,,,,,7596,,"性剛愎，以語激楊業，業因力戰陷陣死。",,176,TTS,20070312,,
39777,0,,,,0,0,0,,0,,,,,7596,,"宋金戰爭。",,177,TTS,20070312,,
39779,0,,,,0,0,0,,0,,,,,7596,,"師事陸九淵，嘗從鵝湖之會。",,178,TTS,20070312,,
39818,0,,,,0,0,0,,0,,,,,7596,,"宋元戰爭。",,179,TTS,20070312,,
39836,0,,,,0,0,0,,0,,,,,7596,,"宋蒙戰爭。",,180,TTS,20070312,,
39857,0,,,,0,0,0,,0,,,,,7596,,"宋元戰爭","為文天祥屬將，元兵入常州，天祥遣華等援常，華敗績戰死。",181,TTS,20070312,,
27825,,,,,,559,2,,0,,,,,,,"宋亡。",,182,TTS,20070323,,
40200,,,,,,,,,0,,,,,,,"嘗使契丹告哀，至則使易吉服，球不從，契丹不能奪。又嘗出使高麗。",,183,BDZHOUJIA,20070414,,
40251,,,,,,,,,0,,,,,,,"初仕契丹，後歸宋。",,184,BDZHOUJIA,20070421,,
40341,,,,,,,,,0,,,,,,,"宋金之戰。",,185,BDSYX,20070511,BDSYX,20070511
40367,,,,,1163,542,1,,0,,,,,,,"宋金戰爭","隆興元年五月，金人入寇，與建康府前軍統制王拱同戰死。",186,BDWANGHY,20070512,,
13012,,,,,,,,,0,,,,,,,"元豐初應詔上便宜十五事。",,253,BDZHOUJIA,20070711,,
13012,,,,,,,,,0,,,,,,,"元祐末復極言請太皇太后還政事。",,254,BDZHOUJIA,20070711,,
41896,,,,,1238,553,2,,0,,,,,,,"嘉熙二年十月，元兵陷黎平，通判何充不屈死。其妻陳氏及子士麟等均從父而死。",,255,BDGLW,20070711,,
41898,,,,,,553,2,,0,,,,,,,"嘉熙二年十月，元兵陷黎平，通判何充不屈死。其妻陳氏及子士麟等均從父而死。",,256,BDGLW,20070711,,
12319,,,,,,,,,0,,,,,,,"三使契丹，習外國語。",,257,BDZHOUJIA,20070711,,
41928,,,,,,,,,0,,,,,,,"從張世傑等奉二王如福州，復遷泉州，會蒲壽庚亂，率淮兵百人力戰死。",,258,BDLYH,20070711,,
8127,,,,,1053,524,5,,0,,,,,,,"平儂智高。",,259,BDDYJ,20070711,,
41973,,,,,,,,,0,,,,,,,"宋元戰爭。",,260,BDSYX,20070712,,
10386,,,,,,,,,0,,,,,,,"時彌遠欲有廢置，會沂王無後，及使天錫覓宗子賢厚者為沂王後，天錫得理宗於全保長家，引見彌遠，未幾遂召入嗣沂王。",,261,BDZHOUJIA,20070712,,
12967,,29,51,"蔡京復相，興制獄，傾章氏，竄綜秀州。",,,,,0,,,,,,,,,390,BDGSX,20080619,TTS,20080916
3190,,30,51,"為蔡京所誣，刺面配沙門島。",,,,,0,,,,,,,,,391,BDGSX,20080619,TTS,20080916
14104,,31,51,"蔡京復相，興制獄傾陷章氏，竄發處州。",,,,,0,,,,,,,,,392,BDGSX,20080619,TTS,20080916
45186,,32,94,"楊安兒起兵，孫武正附之。",,,,,0,,,,,,,,,393,BDSYX,20080620,TTS,20080916
2074,,33,81,,,,,,0,,,,,,,,,394,BDZWZ,20080620,TTS,20080916
29550,,34,89,"開禧初被召，上疏極陳時政，以忤韓侂冑罷歸。",,,,,0,,,,,,,,,395,BDGSX,20080620,TTS,20080916
41755,,,,,,,,,0,,,,,,,"金人侵無為軍，民驚走一空，椿年隱岳廟中，金十八人入城，椿年迎拜，引入州治，竊其馬以馳，其將步追，顛踣損腰。椿年馳告崔皋，令進軍，僅擒損腰者，餘十七人遁。",,246,BDLYH,20070709,,
24894,,,,,1089,530,4,,0,,,,,,,"車蓋亭詩案。",,247,BDGLW,20070709,,
41791,,,,,,,,,0,,,,,,,"宋蒙戰爭。",,248,BDSYX,20070709,,
14429,,,,,,,3,,0,,,,,,,"紹定初李全犯揚州，從龍為先鋒被擒，使至泰州城下誘降，不屈死之。",,249,BDGLW,20070709,BDGLW,20070709
13011,,,,,,,,,0,,,,,,,"奉使湖北，會五溪蠻叛，斷渠陽道扼官軍，帥舉卞節制諸將，選死士銜枚間道繞出賊背，大破賊。",,250,BDZHOUJIA,20070710,,
41834,,,,,,,,,0,,,,,,,"光宗初，以布衣上書，痛陳俳優宦寺之弊，言過切直，帝覽書震怒，始議特旨編管。言者疏救，乃送秀州聽讀。",,251,BDZHOUJIA,20070710,,
15877,,,,,,,,,0,,,,,,,"堅守襲慶府，城陷為金人所害。",,252,BDGSX,20070710,,
45204,,35,109,,,,,,0,,,,,,,,,396,BDSYX,20080620,TTS,20080916
45209,,36,109,"殉難。",1231,551,4,,0,,,,,,,,,397,BDDWJ,20080621,TTS,20080916
45221,,37,94,,,,,,0,,,,,,,,,398,BDZWZ,20080621,TTS,20080916
45222,,38,89,"會呂祖儉詆韓侂冑貶韶州，泰亨因贐其行，坐黨禁。",,,,,0,,,,,,,,,399,BDGSX,20080621,TTS,20080916
10538,,39,15,"太平興國三年秦州內附，蕃部騷動，命守文撫諭，西夏悅服，後夏人擾攘，守文率師破之，諸部畏懼，相率來降，",,,,,0,,,,,,,,,400,BDDWJ,20080621,TTS,20080916
19471,,40,51,"建中靖國初應詔言事切直，蔡京籍為元祐黨人，遭擯斥。",,,,,0,,,,,,,,,401,BDGSX,20080621,TTS,20080916
19471,,41,59,"金人犯成州，執中集鄉豪守禦，虜遣人來招，執中立斬其使。",,,,,0,,,,,,,,,402,BDGSX,20080621,TTS,20080916
27465,,42,89,"韓侂冑議開邊，奕貽書論之，侂冑不樂。",,,,,0,,,,,,,,,403,BDGSX,20080625,TTS,20080916
27474,,43,109,,,,,,0,,,,,,,,,404,BDZWZ,20080625,TTS,20080916
45405,,44,109,"淳祐五年與知淮西某州倪政率兵援安豐，與蒙古軍數戰而沒。",,,,,0,,,,,,,,,405,BDGSX,20080626,TTS,20080916
45409,,45,59,,,,,,0,,,,,,,,,406,BDZWZ,20080626,TTS,20080916
39488,,46,109,"淳祐五年與知淮西某州倪政率兵援安豐，與蒙古軍數戰而沒。",,,,,0,,,,,,,,,407,BDGSX,20080626,TTS,20080916
45425,,47,105,"反對公田法。",1256,555,4,,0,,,,,,,,,408,BDZWZ,20080626,TTS,20080916
15269,,48,60,"從徽宗北遷，過河十餘日，出御衣書領中，命勛間行詣康王。勛自燕山遁歸，建炎初至南京，以御衣所書進，建議",,,,,0,,,,,,,,,409,BDGSX,20080627,TTS,20080916
45399,,49,42,,,,,,0,,,,,,,,,410,BDZWZ,20080627,TTS,20080916
45456,,50,109,"元兵入常州，文天祥遣士龍及尹玉援之，率殘兵五百，奮勇與元兵大戰，五百人俱死，無一人降者。",1275,559,1,,0,,,,,,,,,411,BDGLW,20080627,TTS,20080916
15506,,52,56,"方臘之亂死於官。",1120,538,2,1,0,,,,,,,,,413,BDZWZ,20080627,TTS,20080916
3871,,53,59,"靖康二年，聞京師陷落，感憤卒，年止五十五。",1127,539,2,,0,,,,,,,,,414,BDZWZ,20080627,TTS,20080916
4122,,54,89,"開禧兵敗，韓侂冑與金議和。大正發憤上書，率同舍爭之，以為大失人心，重損國體。",,,,,0,,,,,,,,,415,BDGSX,20080628,TTS,20080916
8135,,55,24,"丁謂惡瑋不附己，指為寇準黨，謫知萊州，遷昭武軍節度使。",,,,,0,,,,,,,,,416,BDGSX,20080629,TTS,20080916
21046,,56,56,,1120,538,2,,0,,,,,,,"少遊郡庠，後升辟雍，以睦寇之亂而歸。",,417,BDZWZ,20080630,TTS,20080916
45536,,57,115,"元兵破城，伯繼就縛，不屈死之。",1276,560,1,,0,,,,,,,,,418,BDSYX,20080630,TTS,20080916
45596,,58,115,"天驥及兄泣受命，率兵從二王以行，至台州遇元兵，接戰不利，遂力戰而死。",,,,,0,,,,,,,,,419,BDGSX,20080702,TTS,20080916
3880,,59,109,"元兵入興元，友聞馳至雞冠山隘，與弟萬俱戰死。",,,,,0,,,,,,,,,420,BDGSX,20080702,TTS,20080916
8134,,60,6,"宋方主帥",974,507,7,,0,,,,,,,"及下江南，不妄殺一人。自出師至凱旋，士眾畏服，無輕肆者。及入見，則稱奉敕差往江南句當公事回，其謙恭不伐如此。",,421,BDZWZ,20080702,TTS,20080916
8134,,61,4,"任都監",964,506,2,,0,,,,,,,"乾德初伐蜀，陝中郡縣悉下，諸將咸欲屠城，彬獨申令戢下。諸將多收子女玉帛，彬橐中唯圖書衣衾而已。",,422,BDZWZ,20080702,TTS,20080916
45623,,62,42,"累遷都巡檢使，破李繼遷，繼遷詐降，於葭蘆州遇伏戰沒。",,,,,0,,,,,,,,,423,BDGSX,20080703,TTS,20080916
45629,,63,,,1001,492,19,,0,3,,29,,8947,"卷一四","皇后蕭氏以罪降為貴妃。",,424,BDKP,20080703,HUCSP,20120104
45641,,64,100,,,,,,0,,,,,,,,,425,BDZWZ,20080703,TTS,20080916
8133,,65,22,"慷慨有志操，真宗幸澶州，遼遣使議和，帝使利用詣遼軍，和議遂定。",,,,,0,,,,,,,,,426,BDGSX,20080704,TTS,20080916
21671,,66,89,"忤韓侂冑罷。",,,,,0,,,,,,,,,427,BDGSX,20080704,TTS,20080916
4220,,67,39,"王安石當國，變亂舊章，后乘間語帝曰：祖宗法度，不宜輕改。帝為安石所持，不能從。",,,,,0,,,,,,,,,428,BDGSX,20080704,TTS,20080916
38818,,68,69,"盜賊首領",,,,,0,,,,,,,"及充降金，部將皆散。方遂入金壇掠統制扈成妻子，並設詐計殺成，率眾犯平州，為劉宴所敗。轉犯宜州，後為張俊及岳飛所討，方窘，乃降於張俊。",,429,BDZWZ,20080704,TTS,20080916
45692,,69,69,"為盜所殺。",,,,,0,,,,,,,"方遂入金壇掠統制扈成妻子，並設詐計殺成。",,430,BDZWZ,20080705,TTS,20080916
45722,,70,59,"紹興五年金兵犯秦川，戰沒於陣。",,,,,0,,,,,,,,,431,BDGSX,20080705,TTS,20080916
16464,,71,0,,,,,,0,,,,,7596,,"嘗使巴陵，作洞庭賦，人多傳寫。",,432,BDNWH,20090314,,
33234,,72,112,"嘗上書論賈似道誤國，不報。",,,,,0,,,,,7596,,,,433,BDLJG,20090321,BDLJG,20090321
123568,,73,,,,,,,0,,,,,,,"唐才常是中國近代史上一位重要人物。他一生做了兩件大事，由此確定了他彪炳史冊的重要歷史地位。一件事是積極參加戊戌維新運動。另一件事是發動和領導自立軍起義。","by CSP: where does this description come from?",434,HUGYC,20120413,HUCSP,20120418
40397,,,,,,,,,0,,,,,,,"宋金戰爭",,187,BDWANGHY,20070512,BDWANGHY,20070512
9006,,,,,1069,528,2,,0,,,,,,,"熙寧、元豐變法",,188,BDSYX,20070512,,
40454,,,,,,521,2,,0,,,,,,,"寶元二年與任福等討西夏，諸將皆戰歿於好水川，獨觀與王仲寶力戰得還。",,189,BDWANGHY,20070519,BDWANGHY,20070519
19767,,,,,,,,,0,,,,,,,"宋金戰爭                                                                          靖康元年，京城被圍，召天下兵，鄂兵皆未集，涓募士多市人，不能軍，出家錢買牛酒激犒之，即日引而東，行至蔡州，遇敵，血戰死。",,191,BDWANGHY,20070519,BDWANGHY,20070519
24264,,,,,,,,,0,,,,,,,"儂智高叛。",,192,BDNIYU,20070609,BDNIYU,20070609
40761,,,,,,540,,,0,,,,,,,"降金","建炎三年出知廬州，後降金",193,BDZHOUJIA,20070616,,
40831,,,,,,,,,0,,,,,,,"太宗時召至闕下，精於藥術，老而不衰，以藥施人，不受報。",,194,BDZHOUJIA,20070622,,
40883,1,,,,,,,,0,,,,,,,"咸淳七年進士，同榜毛士宜客死臨安，為經紀其喪",,195,BDLYH,20070623,,
40883,2,,,,,,,,0,,,,,,,"初授潭州教授，務以禮義養人心",,196,BDLYH,20070623,BDLYH,20070626
19288,,,,,,,,,0,,,,,,,"章懿皇太后弟，少窮困居京師，鑿紙錢為業。",,197,BDLYH,20070624,,
40983,,,,,,,,,0,,,,,,,"宋蒙戰爭。",,199,BDSYX,20070625,,
26034,,,,,,,,,0,,,,,,5401,"以文名其鄉，未第時，授徒城北，執經者數百人。諸史百家隨問而口答。人號曰書櫥。",,200,BDLYH,20070625,BDLYH,20070625
41000,,,,,969,507,2,,0,,,,,,,"開寳二年，太祖親征太原，與父漢超從。",,201,BDDYJ,20070625,,
41093,,,,,960,505,1,,0,,,,,2229,,"以揚州叛。","見《宋史•李重進傳》",203,BDDYJ,20070627,,
41116,,,,,,,,,0,,,,,,,"破李璮兵。",,204,BDDYJ,20070627,,
41116,,,,,1276,559,2,,0,,,,,,,"與蒙古戰，死國。",,205,BDDYJ,20070627,,
41149,,,,,,,,,0,,,,,,,"生仁宗，太后以為己子。",,206,BDDYJ,20070627,,
41166,,,,,,,,,0,,,,,,,"元兵至，同官皆遁，長庚獨攜諸司印居守，被執，不屈死。",,207,BDLYH,20070627,BDLYH,20070627
26030,1,,,,1127,540,1,2,0,,,,,,,"建炎初知建州，建卒三百人先屯廣州，至是聞葉儂賊平，徑還郡，或疑其從叛，請殺之，德昭力言不可，得全活。",,208,BDLYH,20070628,,
26030,2,,,,,,,,0,,,,,,,"苗傅、劉正彥之亂，德昭擒傅送京師，尋謝病歸。建人祠之白鶴山。",,209,BDLYH,20070628,BDLYH,20070628
41262,,,,,,,,,0,,,,,,,"官唐縣令，死於賊。",,210,BDLYH,20070628,,
14259,,,,,,,,,0,,,,,,,"宋金戰爭。",,211,BDSYX,20070629,,
14250,,,,,,,,,0,,,,,,,"宋夏戰爭。",,212,BDSYX,20070629,,
14246,,,,,,,,,0,,,,,,,"宋夏戰爭。",,213,BDSYX,20070630,,
41319,,,,,,,,,0,,,,,,,"淳熙四年嗣父位，授靜海軍節度使觀察處置等使，特進檢校上尉兼御史大夫上柱國，特封安南國王加食邑。",,214,BDLYH,20070630,,
41319,,,,,,,,,0,,,,,,,"（淳熙）五年貢方物，上表稱謝。",,215,BDLYH,20070630,BDLYH,20070630
41319,,,,,,,,,0,,,,,,,"（淳熙）十六年累加龍翰守義奉國履常懷德功臣。",,216,BDLYH,20070630,,
14234,,,,,,,,,0,,,,,,,"宋遼戰爭。",,217,BDSYX,20070630,,
3554,,,,,,,,,0,,,,,,,"後通判秀州，境多鹽盜，餘慶作華亭海鹽二監，俾業鹽者歲入常緡以杜私販。",,218,BDLYH,20070630,,
3554,,,,,,,,,0,,,,,,,"后通判秀州……又為石隄，自平望至吳江，捍禦水患，民賴其利。",,219,BDLYH,20070630,,
41361,,,,,,,,,0,,,,,,,"至元間薦為白鹿洞山長，不赴，尋薦漳州教授，亦不赴。",,220,BDLYH,20070630,,
41378,,,,,,,,,0,,,,,,,"宋金戰爭。",,221,BDSYX,20070702,,
12238,,,,,,,,,0,,,,,,,"預修太平御覽、太平廣記、文苑英華",,222,BDGSX,20070702,,
41453,,,,,,,,,0,,,,,,,"咸淳中，試禮部第一，釋褐。",,223,BDLYH,20070702,,
41453,,,,,,,,,0,,,,,,,"入元隱居著述，為文古奧，自成一家。",,224,BDLYH,20070702,,
41247,,,,,,,,,0,,,,,,,"初隸太祖帳下，從征晉陽，時盛暑欲班師，懷忠不可。會大熱，戰不利，懷忠中流矢，戰益奮，還授都指揮使。",,225,BDLYH,20070703,BDLYH,20070703
41247,,,,,976,507,9,,0,,,,,,,"諫太祖遷都西京","《續資治通鑑長編》巻十七；《宋史》卷二百六十",226,BDLYH,20070703,,
41474,,,,,1161,541,31,,0,,,,,,,"紹興三十一年九月，金完顏亮大舉侵宋，十月，宋將李寳率水軍於膠西東南海灣陳家島殲滅金水軍。不久，完顏亮被部下殺死。",,227,BDGLW,20070703,,
41506,,,,,,,,,0,,,,,,,"六歲能詩，孝宗召入宮，……命宮人繡御掌於背，賜歸。",,228,BDLYH,20070703,,
41523,,,,,983,508,8,,0,,,,,,,"母死負土成墳，晝夜哭不絕聲，州郡以聞，太宗朝降詔旌其門閭，賜以粟帛。",,229,BDLYH,20070703,,
40799,,,,,,,,,0,,,,,,,"大宗時累破蕃族，敗西夏兵。",,230,BDLYH,20070703,BDLYH,20070703
40799,,,,,1000,513,3,,0,,,,,,,"（咸平）三年復為先鋒入賊境，焚積聚，殺人畜，獲器甲凡六十餘萬。","《宋史》卷253。",231,BDLYH,20070703,BDLYH,20070703
41546,,,,,,,,,0,,,,,,,"保州兵叛距守，繼和獨上南關門，密呼所結內應者，論以禍福，賊平，遷兩秩。",,232,BDLYH,20070704,,
41546,,,,,,,,,0,,,,,,,"沙苑闕馬，詔秦州置場，以券市之，繼和領職，不數月，得馬千數而人不擾。",,233,BDLYH,20070704,,
10244,,,,,,,,,0,,,,,,,"紹興初，遷統制和尚原軍馬，兀朮大入，與玠以死守之。",,234,BDZHOUJIA,20070704,BDZHOUJIA,20070704
10244,,,,,1134,541,4,,0,,,,,,,"金兵十萬至仙人關下，璘血戰連日，金兵大敗，自是不敢窺蜀。",,235,BDZHOUJIA,20070704,,
40984,,,,,,506,4,,0,,,,,,,"年纔十七，命捕虎陝州，凡殺二十餘，生擒二虎一豹以獻，太宗授以邊任。",,236,BDLYH,20070704,BDLYH,20070704
40984,,,,,,,,,0,,,,,,,"與契丹戰，未嘗不捷。嘗與秦翰、楊延昭等會師於威虜，臨陣，馬中矢，凡三易之，延昭等皆引去。獨繼宣所引部接戰，大克捷。",,237,BDLYH,20070704,BDLYH,20070704
41557,,,,,,,,,0,,,,,,,"宋蒙戰爭。",,238,BDSYX,20070704,,
41582,,,,,,,,,0,,,,,,,"援襄陽圍，力戰死。",,239,BDGSX,20070704,,
41051,,,,,,,,,0,,,,,,,"紹興初，自夏歸宋。忠勇絕人，高宗撫勞再三，累立戰功，詔授淮南制置使，為中興名將。",,240,BDLYH,20070704,,
41051,,,,,,,,,0,,,,,,,"隆興元年張浚開都督府，命顯忠渡江督戰，幾復河南之地，為邵宏淵牽掣致敗，功以不就。",,241,BDLYH,20070704,,
38319,,,,,,,,,0,,,,,,,"宋蒙戰爭。",,242,BDSYX,20070705,,
41697,,,,,,,,,0,,,,,,,"後佯狂髠髮，修真白雲山洞，端坐而逝。",,243,BDLYH,20070705,,
4013,,,,,,,,,0,,,,,,,"曦獻關外階成和鳳四州於金，求封為蜀王，因僭王位於興州。",,244,BDZHOUJIA,20070708,,
